role,name,email,password
admin,Ardys,achallensj@slideshare.net,z3dWORN4DR
admin,Allissa,ahacker15@illinois.edu,4VjqD2Nn8
admin,Arv,ahouseman1u@usa.gov,Tdj392C7Cz
admin,Adan,atheodore23@china.com.cn,uJ3n7oROznmN
admin,Agna,atoten2v@multiply.com,KrMmUt4G
admin,Andros,awastie73@mapy.cz,wXkNiGhehc1q
admin,Alejandro,awathell52@craigslist.org,T1fePLCv3
admin,Bil,bbickerdike5z@cnet.com,eQUWtbbRo
admin,Betteanne,bhitcham1e@soundcloud.com,0KtiRgeY
admin,Benita,blackham7i@netlog.com,xQbtTsiC
admin,Barbee,bsleith41@indiatimes.com,5q8c1w3cj5QV
admin,Cassius,ccardiff4u@si.edu,eoYmlT
admin,Clarey,ccoastert@walmart.com,YALFgb5K0eMw
admin,Chickie,cdebill17@cnn.com,of0RjLpP
admin,Corbin,cdienes78@facebook.com,ZwRcxCor
admin,Cecilla,cjeffels87@free.fr,cz1ytWA
admin,Constantino,cmarcam38@opensource.org,S7xFukckSS
admin,Claudius,cmcelory7x@dagondesign.com,ocj6RWqWbhi9
admin,Catrina,cstroderu@list-manage.com,GmZQaLqe
admin,Drucill,dellingworth3z@alexa.com,prdjVFT
admin,Daune,dfeetham2r@ca.gov,S18btJ
admin,Donielle,djeannin27@ebay.co.uk,k88MiJtJ
admin,Drucill,dkochel7q@gizmodo.com,6V5SrnjSeg7
admin,Darrin,dmylechreest1a@sohu.com,V9L2N2bQm6j9
admin,Dirk,dromain70@comsenz.com,vVwud6Xeji9Z
admin,Donnie,dwhyel@icio.us,PUX9ly
admin,Elwood,einkpenw@mysql.com,Tco5HF0DgN28
admin,Ferdie,fanthon49@ed.gov,9lAbUy
admin,Farr,fcahn2j@e-recht24.de,W58OwTJiC
admin,Fayre,flangstone60@jalbum.net,1WtkPmy
admin,Findley,fmaccracken4y@1und1.de,FMthqF75
admin,Fan,fmarttc@java.com,6MbbkQdEUIU
admin,Felecia,fofarris3s@yale.edu,HFgT33jb
admin,Gilemette,gkitney2p@salon.com,Y4nNPJIqUc
admin,Gaylord,gkitteringham46@youku.com,0MgXUN
admin,Garrett,gklassmann1l@vistaprint.com,nIaVyzp8M1
admin,Gradeigh,gonions44@utexas.edu,M8OkFdv0a
admin,Gabriela,gpretty67@prnewswire.com,qG6KNu1
admin,Hugh,hainscow14@themeforest.net,Ss5r1aRDRri
admin,Hobie,hditt3a@eepurl.com,1DtYlOGa
admin,Hamish,hgodsell7c@diigo.com,qAdkcLT
admin,Honor,hridoutt6m@networksolutions.com,5I2Pe8
admin,Hamilton,hrowledge3h@geocities.com,xE5x1IlUV1jB
admin,Joell,jaldus4l@exblog.jp,kibbK26n
admin,Jessy,jcapnerhurst7s@cyberchimps.com,2HDq15ape
admin,Jasmina,jchatwood4a@istockphoto.com,vL5A2uJ
admin,Jack,jmattiazzid@amazon.co.uk,QVqoVN
admin,Jacquetta,jphysick5r@nsw.gov.au,diX6aKF2w
admin,Jamison,jsiggers1f@amazon.co.jp,RjP40jSKi
admin,Juan,jtyre1x@biblegateway.com,1SzKUUzdFZ0x
admin,Jehu,jvitall2k@behance.net,Z33ZpDgTR
admin,Keri,kharrie6x@vinaora.com,g2rp1kbSE
admin,Karlie,ksorby8b@altervista.org,yiMyjbHk
admin,Leoline,lbeckenham7f@elegantthemes.com,EAWCcI3E
admin,Larine,lcivitillo1j@weibo.com,P5YPy95
admin,Lilian,ldaines34@wordpress.com,Te6Xd0
admin,Luca,llandreth3m@sfgate.com,hmlKklk
admin,Leela,lpietruschka5p@blog.com,xt8ZJG8
admin,Levon,lreader63@skype.com,9LQ5wD
admin,Leshia,ltomasz62@washingtonpost.com,ARbjc1
admin,Myranda,mandrewartha5s@biblegateway.com,laXTNM6
admin,Marigold,mbowller6z@sourceforge.net,mKk4sHhRtOCS
admin,Marsiella,mduckiti@cyberchimps.com,e3EXvP
admin,Muffin,mdyble5i@loc.gov,fawYMjt
admin,Melisa,meagland4o@homestead.com,9AaVQYZeSv
admin,Mordy,mfass59@skyrock.com,d956iJrXt
admin,Marlie,mkearey2w@netscape.com,QfyGnAZuf77
admin,Melania,mmenaul48@360.cn,2zQ9orB
admin,Margarita,mnancarrow54@tinypic.com,EohJN94F
admin,May,mpatchettf@drupal.org,2c2sbTe
admin,Melicent,mvernazza50@nydailynews.com,SR5Nd4WHr
admin,Naoma,nshutler2x@stanford.edu,BDqrNY6
admin,Obediah,oduro85@japanpost.jp,CtNHkQxlMhdd
admin,Othilie,oemmott66@indiatimes.com,i4f5UE
admin,Odo,orochewell6g@dion.ne.jp,dPF6mLBv0SuY
admin,Olly,oveneur2@marketwatch.com,WwDjOlH
admin,Philippa,pbottinelli5n@aboutads.info,vTZjKR
admin,Patricio,pjudron5y@marketwatch.com,V0bw0d
admin,Putnem,pklimam@hubpages.com,DjNXXzYKZpr
admin,Ryan,rbourton33@sogou.com,x9kJJU1RCQc
admin,Rita,rbrann4w@csmonitor.com,8FgzHT
admin,Rene,rhearnaman35@techcrunch.com,lAV8WJRM
admin,Reggie,rlynagh2n@rediff.com,8SHPGTq55uP
admin,Roseline,rraycroft4i@indiatimes.com,OvqxlzU
admin,Reese,rsturridge2s@posterous.com,YYXxL9QA8Bi
admin,Stefa,sghiroldi7o@cargocollective.com,mrk4M9VD1T
admin,Seamus,slabbati4q@hao123.com,jIXcqz1dhEof
admin,Sigvard,slacroce5v@nps.gov,ELp5RYekdu
admin,Shanda,spumfrett6r@skyrock.com,qwjl5mvTIUA
admin,Svend,swalcher10@soundcloud.com,AUXlFAx
admin,Terence,tdyhouse4j@whitehouse.gov,ffwaZkz
admin,Teodoro,tkeenleyside16@chron.com,TrAxjYR54
admin,Teodora,tleyzell5h@cbsnews.com,FQhIoy
admin,Tait,tmartynka6s@linkedin.com,heNoyOjX
admin,Tully,tmushrows@timesonline.co.uk,osjFXkw31d
admin,Traci,twilmore6k@csmonitor.com,rf6p2O4
admin,Vonni,vbestwall5t@twitpic.com,IYHe7XPDvx
admin,Vlad,vsackler4v@simplemachines.org,UrG0pJLe
admin,Wendel,wdutchburng@nationalgeographic.com,kmi0faeWBx1G
admin,Wakefield,wfri24@ovh.net,FWpvBG
admin,Zora,zfratczak57@mail.ru,VGPlFF
superadmin,Aline,acrossby3n@telegraph.co.uk,EigEwd1M
superadmin,Annora,aezzellk@dell.com,r4BBJbD
superadmin,Allie,afranzschoninger4@simplemachines.org,zocih1DjIv
superadmin,Angelita,alumbley7g@privacy.gov.au,WL1lXbGd
superadmin,Aarika,asmalley79@businessinsider.com,vrf1gh8
superadmin,Amil,aweben13@feedburner.com,GpOhlbh0G
superadmin,Bryce,basipenko6i@ebay.com,7VKYN5h
superadmin,Barrett,bchasle3k@jugem.jp,qtZqLy
superadmin,Burk,bduplan5w@dion.ne.jp,FHWVqL
superadmin,Brynna,bluebbert1i@mac.com,16FBKEbQF
superadmin,Berenice,bpedgrift1w@europa.eu,KwHuinZ1EKM
superadmin,Burr,bshellshear1b@hibu.com,MafICMthnVZd
superadmin,Buckie,bstuther32@dell.com,7OD3NQJiGyE
superadmin,Bendix,btwitching7a@vk.com,0YLx0gBC
superadmin,Cynthea,cbellwood75@cmu.edu,QVo1Wn
superadmin,Catina,cgookeyx@upenn.edu,gSN5MQ0j
superadmin,Creigh,ckopta1z@weather.com,OKFu5rviF
superadmin,Clemmie,clowdyane82@hibu.com,MfJXh5v
superadmin,Cathee,cmccarrison3t@youtu.be,4wC6xJZ6
superadmin,Connor,cmonget58@technorati.com,ckV0HOb1jd
superadmin,Cassaundra,cpickard6b@guardian.co.uk,7oFBm9
superadmin,Christiane,crenihan6u@utexas.edu,T4atNfiQoC
superadmin,Cassius,cwaben@discovery.com,2FLtGooM
superadmin,Catriona,cwormell37@prnewswire.com,7Yo0coFxq
superadmin,Delcine,dcaton56@plala.or.jp,RMJAwlLkrO6D
superadmin,Darcy,dfrancie2o@infoseek.co.jp,ITUsiwYCSe
superadmin,Dunn,dgores3g@marriott.com,kM964VZQ5p
superadmin,Donnamarie,dkelfa@cam.ac.uk,VygsdES
superadmin,Doralin,dleall74@photobucket.com,YKkgQygCO
superadmin,Daron,dolochan1m@parallels.com,UTviIGfwFM6A
superadmin,Dacey,domohunp@youku.com,c9DQGaI
superadmin,Derward,dstannah6e@nbcnews.com,HfVKoeDRlz9j
superadmin,Daffy,dveltmann6n@t-online.de,DBQMiS0fN
superadmin,Eldredge,eokker4s@cnbc.com,7ajSQnklyex
superadmin,Franciska,fhartzog5q@wsj.com,Gbu0dgwBqM0
superadmin,Gav,gcuttles88@purevolume.com,hRqCrsFJVq
superadmin,Grace,glodge6c@pinterest.com,HkgJLpuoDKP
superadmin,Gladys,gmcgeraghty69@google.com.au,18sGltgeVVA
superadmin,Grannie,gstaton22@bluehost.com,txoJym1U363
superadmin,Hilda,hdarragon5u@slate.com,4XZkipBg
superadmin,Haily,hdurie4k@opensource.org,2xQMMuqQklK
superadmin,Heather,hfost80@sciencedaily.com,gWYmdo
superadmin,Hazel,hlittlekit3q@smugmug.com,jvVjNUYzxA
superadmin,Hughie,hlowsely40@netlog.com,PjkI7RoDLDg4
superadmin,Hale,hpyrah3@bbc.co.uk,vojl4bBDJ
superadmin,Holly-anne,hvellden2u@canalblog.com,td9XFYJyb
superadmin,Ibbie,ibelt42@marketwatch.com,RR3uTU
superadmin,June,jhornig2m@webnode.com,VKK2BM
superadmin,Justine,jkohneke3y@addthis.com,fEUSPd0F
superadmin,Karoline,kbahikev@dmoz.org,lDNqwWtH89
superadmin,Kayne,kfronks43@about.me,OjxqE3fqmH
superadmin,Kristopher,kmoodie6y@4shared.com,oF4TyvfF
superadmin,Konstantine,kranstead0@narod.ru,omMDCh
superadmin,Karmen,kspoor1n@msu.edu,c0kFujPKV
superadmin,Lammond,lcoward6w@simplemachines.org,fye3ajD6
superadmin,Lottie,lhamments7n@addthis.com,oDl4KvKd
superadmin,Lorin,lmackonochie7w@1688.com,NdaNsBtK
superadmin,Lorena,lneem3w@ucsd.edu,pTeETT3UBT
superadmin,Leif,lricard7v@miitbeian.gov.cn,wRNZvXTv7
superadmin,Lily,lshackleton5j@hp.com,K7PfmI8
superadmin,Murdock,mdary5a@comsenz.com,vOYXsMa
superadmin,Merrielle,mdreus6d@altervista.org,CEttQSx2W
superadmin,Myron,mguilliland4z@woothemes.com,tYZgNq5aIdS
superadmin,Micky,mplail83@redcross.org,mLPevua
superadmin,Novelia,ncossentine6f@free.fr,bdhdWjbqdf3
superadmin,Nicholle,nducarel2y@sourceforge.net,Xto6DJlbDQW
superadmin,Nike,nhawkey7m@livejournal.com,4Whw8HVfTa
superadmin,Noemi,npether7h@netlog.com,JaOsVjBbV
superadmin,Noami,nsnoxell25@bing.com,4nWHfBnL
superadmin,Onida,oaherne3e@gmpg.org,GKUSDad106
superadmin,Rachael,rgoddman6o@mlb.com,UG57wcIt7
superadmin,Raimund,rhanbidge64@devhub.com,MzDUcggLI
superadmin,Randall,rmathivat3c@yolasite.com,siGOrj04Q
superadmin,Rubi,rtritton28@skype.com,YLRuKAPSWu
superadmin,Sonnnie,sburdess65@over-blog.com,OnYtKa
superadmin,Sarine,sfaughnan39@homestead.com,FTnB07H65C26
superadmin,Stanislaw,smeese4t@dot.gov,CnrcjaTecsWg
superadmin,Stevy,smugglestone3u@icio.us,SQWNnZ7xg
superadmin,Suki,sondrak1h@sciencedirect.com,KUPXyFLRW8A
superadmin,Shayna,sradcliffe9@nytimes.com,S7uupsmLnj6
superadmin,Salvador,sspinelli3v@icq.com,sR3JsfGn
superadmin,Sabina,stearney1p@prlog.org,a9ACXn0ocWe
superadmin,Shelly,swelbeck12@ycombinator.com,RSjzmAjnq
superadmin,Tarrah,tbussey3p@cloudflare.com,c4HOhf24lu
superadmin,Terrance,tcars47@smugmug.com,JbUdjNEa
superadmin,Taffy,tduthy53@mozilla.com,UO2nBF2PG
superadmin,Trista,tponter2z@dailymail.co.uk,ci3nFCSgW
superadmin,Winny,wbicknell3f@taobao.com,EJRM6LjGs
superadmin,Whitney,wbradshaw4e@hubpages.com,tcmX48S
superadmin,Wenda,wespinheira5l@bluehost.com,ZsEWOWTsBd
superadmin,Westleigh,wmedlin30@newsvine.com,63jUIO1
superadmin,Whit,wrenols8@webeden.co.uk,TnE8Lbb
superadmin,Westbrook,wsiddon6@state.tx.us,PVfV72mNxb4
superadmin,Wilhelm,wwonter51@dion.ne.jp,ZyH44FdQ1N
superadmin,Xerxes,xdreinan8a@wix.com,x93O2ercDrLG
superadmin,Zorana,zkoppen1o@printfriendly.com,bd3t1lx
superadmin,Zsazsa,zmessenger77@cam.ac.uk,xJAg4J
